{"training_loss": 0.6318797469139099, "validation_loss": 0.6513079404830933, "training_accuracy": 0.5031847133757962, "best_epoch_validation_accuracy": 0.5531914893617021, "best_epoch_validation_loss": 0.6518321633338928}