{"training_loss": 0.1333232820034027, "validation_loss": 0.1945520043373108, "training_accuracy": 0.9509594882729211, "best_epoch_validation_accuracy": 0.9468085106382979, "best_epoch_validation_loss": 0.21253935992717743}