{"training_loss": 0.6314449310302734, "validation_loss": 0.6497182250022888, "training_accuracy": 0.5796178343949044, "best_epoch_validation_accuracy": 0.48936170212765956, "best_epoch_validation_loss": 0.6620128750801086}