{"training_loss": 0.6367157697677612, "validation_loss": 0.6510834097862244, "training_accuracy": 0.5222929936305732, "best_epoch_validation_accuracy": 0.574468085106383, "best_epoch_validation_loss": 0.6568303108215332}