{"training_loss": 0.687449038028717, "validation_loss": 0.6970072388648987, "training_accuracy": 0.5668789808917197, "best_epoch_validation_accuracy": 0.5531914893617021, "best_epoch_validation_loss": 0.6965328454971313}