{"training_loss": 0.5617945790290833, "validation_loss": 0.6336385011672974, "training_accuracy": 0.5095541401273885, "best_epoch_validation_accuracy": 0.5106382978723404, "best_epoch_validation_loss": 0.6336634159088135}