{"training_loss": 0.03977881371974945, "validation_loss": 0.3422739505767822, "training_accuracy": 0.9936102236421726, "best_epoch_validation_accuracy": 0.9361702127659575, "best_epoch_validation_loss": 0.25647202134132385}