{"training_loss": 0.0013496717438101768, "validation_loss": 0.401952862739563, "training_accuracy": 0.997867803837953, "best_epoch_validation_accuracy": 0.9787234042553191, "best_epoch_validation_loss": 0.3273371458053589}