{"training_loss": 0.6508151292800903, "validation_loss": 0.6702457070350647, "training_accuracy": 0.49044585987261147, "best_epoch_validation_accuracy": 0.5319148936170213, "best_epoch_validation_loss": 0.68525630235672}