{"training_loss": 0.540112316608429, "validation_loss": 0.6386836171150208, "training_accuracy": 0.49044585987261147, "best_epoch_validation_accuracy": 0.5, "best_epoch_validation_loss": 0.6169517636299133}