{"training_loss": 0.21532893180847168, "validation_loss": 0.32740914821624756, "training_accuracy": 0.9617834394904459, "best_epoch_validation_accuracy": 0.9574468085106383, "best_epoch_validation_loss": 0.32740914821624756}