{"training_loss": 0.692349374294281, "validation_loss": 0.692658543586731, "training_accuracy": 0.5408, "best_epoch_validation_accuracy": 0.6325878594249201, "best_epoch_validation_loss": 0.6902781128883362}