{"training_loss": 0.03541041538119316, "validation_loss": 0.2346072494983673, "training_accuracy": 0.9914712153518124, "best_epoch_validation_accuracy": 0.9680851063829787, "best_epoch_validation_loss": 0.22398024797439575}