{"training_loss": 0.06651750952005386, "validation_loss": 0.40474289655685425, "training_accuracy": 0.9808917197452229, "best_epoch_validation_accuracy": 0.9148936170212766, "best_epoch_validation_loss": 0.29586416482925415}