{"training_loss": 0.5357280969619751, "validation_loss": 0.583990216255188, "training_accuracy": 0.5414012738853503, "best_epoch_validation_accuracy": 0.5957446808510638, "best_epoch_validation_loss": 0.5832930207252502}