{"training_loss": 0.6988692283630371, "validation_loss": 0.6945211887359619, "training_accuracy": 0.4965333333333333, "best_epoch_validation_accuracy": 0.5463258785942492, "best_epoch_validation_loss": 0.6945211887359619}