{"training_loss": 0.1542159914970398, "validation_loss": 0.28272491693496704, "training_accuracy": 0.952076677316294, "best_epoch_validation_accuracy": 0.9361702127659575, "best_epoch_validation_loss": 0.26298266649246216}