{"training_loss": 0.5543801784515381, "validation_loss": 0.6385669112205505, "training_accuracy": 0.5095541401273885, "best_epoch_validation_accuracy": 0.5106382978723404, "best_epoch_validation_loss": 0.6336634159088135}