{"training_loss": 0.00926637090742588, "validation_loss": 0.45638445019721985, "training_accuracy": 1.0, "best_epoch_validation_accuracy": 0.9680851063829787, "best_epoch_validation_loss": 0.2871416211128235}